date,unemployment rate,unemployment rate-scaled,LFPR,LFPR scaled,interest rates,interest rates-scaled,inflation rate,inflation rate scaled,gdp rate,scaled gdprate,EMPR,EMPR-scaled
1980.01,6.3,-0.491,64,0.083,13.82,0.446,13.9,0.893,0.3,0.045,60,0.304
1980.02,6.3,-0.491,64,0.083,14.13,0.478,14.2,0.929,0.3,0.045,60,0.304
1980.03,6.3,-0.491,63.7,0,17.19,0.799,14.8,1,0.3,0.045,59.7,0.259
1980.04,6.9,-0.386,63.8,0.028,17.61,0.844,14.7,0.988,0.3,0.045,59.4,0.215
1980.05,7.5,-0.281,63.9,0.056,10.98,0.148,14.4,0.953,0.3,0.045,59.1,0.17
1980.06,7.6,-0.263,63.7,0,9.47,-0.011,14.4,0.953,0.3,0.045,58.9,0.141
1980.07,7.8,-0.228,63.8,0.028,9.03,-0.057,13.1,0.799,-2.1,-0.261,58.8,0.126
1980.08,7.7,-0.246,63.7,0,9.61,0.004,12.9,0.775,-2.1,-0.261,58.8,0.126
1980.09,7.5,-0.281,63.6,-0.028,10.87,0.136,12.6,0.74,-2.1,-0.261,58.9,0.141
1980.1,7.5,-0.281,63.7,0,12.81,0.34,12.8,0.763,-0.1,-0.006,58.9,0.141
1980.11,7.5,-0.281,63.8,0.028,15.85,0.659,12.6,0.74,-0.1,-0.006,59,0.156
1980.12,7.2,-0.333,63.6,-0.028,18.9,0.979,12.5,0.728,-0.1,-0.006,59,0.156
1981.01,7.5,-0.281,63.9,0.056,19.08,0.998,11.8,0.645,1.9,0.248,59.1,0.17
1981.02,7.4,-0.298,63.9,0.056,15.93,0.667,11.4,0.598,1.9,0.248,59.2,0.185
1981.03,7.4,-0.298,64.1,0.111,14.7,0.538,10.5,0.491,1.9,0.248,59.4,0.215
1981.04,7.2,-0.333,64.2,0.139,15.72,0.645,10,0.432,2,0.261,59.6,0.244
1981.05,7.5,-0.281,64.3,0.167,18.52,0.939,9.8,0.408,2,0.261,59.5,0.23
1981.06,7.5,-0.281,63.7,0,19.1,1,9.6,0.385,2,0.261,59,0.156
1981.07,7.2,-0.333,63.8,0.028,19.04,0.994,10.8,0.527,-0.7,-0.083,59.1,0.17
1981.08,7.4,-0.298,63.8,0.028,17.82,0.866,10.8,0.527,-0.7,-0.083,59.1,0.17
1981.09,7.6,-0.263,63.5,-0.056,15.87,0.661,11,0.55,-0.7,-0.083,58.7,0.111
1981.1,7.9,-0.211,63.8,0.028,15.08,0.578,10.1,0.444,1.2,0.159,58.8,0.126
1981.11,8.3,-0.14,63.9,0.056,13.31,0.392,9.6,0.385,1.2,0.159,58.6,0.096
1981.12,8.5,-0.105,63.6,-0.028,12.37,0.293,8.9,0.302,1.2,0.159,58.2,0.037
1982.01,8.6,-0.088,63.7,0,13.22,0.383,8.4,0.243,-1.1,-0.134,58.2,0.037
1982.02,8.9,-0.035,63.8,0.028,14.78,0.546,7.6,0.148,-1.1,-0.134,58.2,0.037
1982.03,9,-0.018,63.8,0.028,14.68,0.536,6.8,0.053,-1.1,-0.134,58.1,0.022
1982.04,9.3,0.035,63.9,0.056,14.94,0.563,6.5,0.018,-1.6,-0.197,57.9,-0.007
1982.05,9.4,0.053,64.2,0.139,14.45,0.512,6.7,0.041,-1.6,-0.197,58.2,0.037
1982.06,9.6,0.088,63.9,0.056,14.15,0.48,7.1,0.089,-1.6,-0.197,57.8,-0.022
1982.07,9.8,0.123,64,0.083,12.59,0.317,6.4,0.006,0.5,0.07,57.7,-0.037
1982.08,9.8,0.123,64.1,0.111,10.12,0.057,5.9,-0.053,0.5,0.07,57.8,-0.022
1982.09,10.1,0.175,64.1,0.111,10.31,0.077,5,-0.16,0.5,0.07,57.6,-0.052
1982.1,10.4,0.228,64.1,0.111,9.71,0.014,5.1,-0.148,-0.4,-0.045,57.4,-0.081
1982.11,10.8,0.298,64.2,0.139,9.2,-0.039,4.6,-0.207,-0.4,-0.045,57.3,-0.096
1982.12,10.8,0.298,64.1,0.111,8.95,-0.066,3.8,-0.302,-0.4,-0.045,57.2,-0.111
1983.01,10.4,0.228,63.9,0.056,8.68,-0.094,3.7,-0.314,0,0.006,57.2,-0.111
1983.02,10.4,0.228,63.8,0.028,8.51,-0.112,3.5,-0.337,0,0.006,57.1,-0.126
1983.03,10.3,0.211,63.7,0,8.77,-0.085,3.6,-0.325,0,0.006,57.1,-0.126
1983.04,10.2,0.193,63.8,0.028,8.8,-0.081,3.9,-0.29,1.3,0.172,57.3,-0.096
1983.05,10.1,0.175,63.7,0,8.63,-0.099,3.5,-0.337,1.3,0.172,57.3,-0.096
1983.06,10.1,0.175,64.3,0.167,8.98,-0.062,2.6,-0.444,1.3,0.172,57.8,-0.022
1983.07,9.4,0.053,64.1,0.111,9.37,-0.022,2.5,-0.456,2.3,0.299,58.1,0.022
1983.08,9.5,0.07,64.3,0.167,9.56,-0.002,2.6,-0.444,2.3,0.299,58.2,0.037
1983.09,9.2,0.018,64.3,0.167,9.45,-0.013,2.9,-0.408,2.3,0.299,58.4,0.067
1983.1,8.8,-0.053,64,0.083,9.48,-0.01,2.9,-0.408,2,0.261,58.4,0.067
1983.11,8.5,-0.105,64.1,0.111,9.34,-0.025,3.3,-0.361,2,0.261,58.7,0.111
1983.12,8.3,-0.14,64.1,0.111,9.47,-0.011,3.8,-0.302,2,0.261,58.8,0.126
1984.01,8,-0.193,63.9,0.056,9.56,-0.002,4.2,-0.254,2.1,0.274,58.8,0.126
1984.02,7.8,-0.228,64.1,0.111,9.59,0.002,4.6,-0.207,2.1,0.274,59.1,0.17
1984.03,7.8,-0.228,64.1,0.111,9.91,0.035,4.8,-0.183,2.1,0.274,59.1,0.17
1984.04,7.7,-0.246,64.3,0.167,10.29,0.075,4.6,-0.207,2,0.261,59.3,0.2
1984.05,7.4,-0.298,64.5,0.222,10.32,0.078,4.2,-0.254,2,0.261,59.7,0.259
1984.06,7.2,-0.333,64.6,0.25,11.06,0.156,4.2,-0.254,2,0.261,59.9,0.289
1984.07,7.5,-0.281,64.6,0.25,11.23,0.174,4.2,-0.254,1.7,0.223,59.8,0.274
1984.08,7.5,-0.281,64.4,0.194,11.64,0.217,4.3,-0.243,1.7,0.223,59.6,0.244
1984.09,7.3,-0.316,64.4,0.194,11.3,0.181,4.3,-0.243,1.7,0.223,59.7,0.259
1984.1,7.4,-0.298,64.4,0.194,9.99,0.044,4.3,-0.243,1,0.134,59.7,0.259
1984.11,7.2,-0.333,64.5,0.222,9.43,-0.015,4.1,-0.266,1,0.134,59.8,0.274
1984.12,7.3,-0.316,64.6,0.25,8.38,-0.125,3.9,-0.29,1,0.134,59.9,0.289
1985.01,7.3,-0.316,64.7,0.278,8.35,-0.129,3.5,-0.337,0.8,0.108,59.9,0.289
1985.02,7.2,-0.333,64.7,0.278,8.5,-0.113,3.5,-0.337,0.8,0.108,60,0.304
1985.03,7.2,-0.333,64.9,0.333,8.58,-0.104,3.7,-0.314,0.8,0.108,60.2,0.333
1985.04,7.3,-0.316,64.9,0.333,8.27,-0.137,3.7,-0.314,1,0.134,60.1,0.319
1985.05,7.2,-0.333,64.8,0.306,7.97,-0.169,3.8,-0.302,1,0.134,60.1,0.319
1985.06,7.4,-0.298,64.6,0.25,7.53,-0.215,3.8,-0.302,1,0.134,59.8,0.274
1985.07,7.4,-0.298,64.7,0.278,7.88,-0.178,3.6,-0.325,0.9,0.121,59.9,0.289
1985.08,7.1,-0.351,64.6,0.25,7.9,-0.176,3.3,-0.361,0.9,0.121,60,0.304
1985.09,7.1,-0.351,64.9,0.333,7.92,-0.174,3.1,-0.385,0.9,0.121,60.3,0.348
1985.1,7.1,-0.351,65,0.361,7.99,-0.166,3.2,-0.373,1.5,0.197,60.3,0.348
1985.11,7,-0.368,64.9,0.333,8.05,-0.16,3.5,-0.337,1.5,0.197,60.4,0.363
1985.12,7,-0.368,65,0.361,8.27,-0.137,3.8,-0.302,1.5,0.197,60.4,0.363
1986.01,6.7,-0.421,64.9,0.333,8.14,-0.151,3.9,-0.29,0.7,0.096,60.6,0.393
1986.02,7.2,-0.333,65,0.361,7.86,-0.18,3.1,-0.385,0.7,0.096,60.3,0.348
1986.03,7.2,-0.333,65.1,0.389,7.48,-0.22,2.3,-0.479,0.7,0.096,60.5,0.378
1986.04,7.1,-0.351,65.1,0.389,6.99,-0.271,1.6,-0.562,0.9,0.121,60.5,0.378
1986.05,7.2,-0.333,65.2,0.417,6.85,-0.286,1.5,-0.574,0.9,0.121,60.5,0.378
1986.06,7.2,-0.333,65.4,0.472,6.92,-0.279,1.8,-0.538,0.9,0.121,60.7,0.407
1986.07,7,-0.368,65.4,0.472,6.56,-0.317,1.6,-0.562,0.5,0.07,60.8,0.422
1986.08,6.9,-0.386,65.3,0.444,6.17,-0.357,1.6,-0.562,0.5,0.07,60.8,0.422
1986.09,7,-0.368,65.4,0.472,5.89,-0.387,1.8,-0.538,0.5,0.07,60.8,0.422
1986.1,7,-0.368,65.4,0.472,5.85,-0.391,1.5,-0.574,1,0.134,60.9,0.437
1986.11,6.9,-0.386,65.4,0.472,6.04,-0.371,1.3,-0.598,1,0.134,60.9,0.437
1986.12,6.6,-0.439,65.3,0.444,6.91,-0.28,1.1,-0.621,1,0.134,61,0.452
1987.01,6.6,-0.439,65.4,0.472,6.43,-0.33,1.5,-0.574,0.5,0.07,61,0.452
1987.02,6.6,-0.439,65.5,0.5,6.1,-0.365,2.1,-0.503,0.5,0.07,61.1,0.467
1987.03,6.6,-0.439,65.5,0.5,6.13,-0.362,3,-0.396,0.5,0.07,61.2,0.481
1987.04,6.3,-0.491,65.4,0.472,6.37,-0.336,3.8,-0.302,0.7,0.096,61.3,0.496
1987.05,6.3,-0.491,65.7,0.556,6.85,-0.286,3.9,-0.29,0.7,0.096,61.6,0.541
1987.06,6.2,-0.509,65.5,0.5,6.73,-0.299,3.7,-0.314,0.7,0.096,61.4,0.511
1987.07,6.1,-0.526,65.6,0.528,6.58,-0.314,3.9,-0.29,1.1,0.146,61.6,0.541
1987.08,6,-0.544,65.7,0.556,6.73,-0.299,4.3,-0.243,1.1,0.146,61.8,0.57
1987.09,5.9,-0.561,65.5,0.5,7.22,-0.247,4.4,-0.231,1.1,0.146,61.6,0.541
1987.1,6,-0.544,65.7,0.556,7.29,-0.24,4.5,-0.219,0.9,0.121,61.8,0.57
1987.11,5.8,-0.579,65.7,0.556,6.69,-0.303,4.5,-0.219,0.9,0.121,61.9,0.585
1987.12,5.7,-0.596,65.7,0.556,6.77,-0.294,4.4,-0.231,0.9,0.121,62,0.6
1988.01,5.7,-0.596,65.8,0.583,6.83,-0.288,4,-0.278,1.7,0.223,62,0.6
1988.02,5.7,-0.596,65.9,0.611,6.58,-0.314,3.9,-0.29,1.7,0.223,62.1,0.615
1988.03,5.7,-0.596,65.7,0.556,6.58,-0.314,3.9,-0.29,1.7,0.223,61.9,0.585
1988.04,5.4,-0.649,65.8,0.583,6.87,-0.284,3.9,-0.29,0.5,0.07,62.2,0.63
1988.05,5.6,-0.614,65.7,0.556,7.09,-0.261,3.9,-0.29,0.5,0.07,62,0.6
1988.06,5.4,-0.649,65.8,0.583,7.51,-0.217,4,-0.278,0.5,0.07,62.3,0.644
1988.07,5.4,-0.649,65.9,0.611,7.75,-0.192,4.1,-0.266,1.3,0.172,62.3,0.644
1988.08,5.6,-0.614,66.1,0.667,8.01,-0.164,4,-0.278,1.3,0.172,62.4,0.659
1988.09,5.4,-0.649,65.9,0.611,8.19,-0.145,4.2,-0.254,1.3,0.172,62.4,0.659
1988.1,5.4,-0.649,66,0.639,8.3,-0.134,4.2,-0.254,0.6,0.083,62.5,0.674
1988.11,5.3,-0.667,66.2,0.694,8.35,-0.129,4.2,-0.254,0.6,0.083,62.7,0.704
1988.12,5.3,-0.667,66.1,0.667,8.76,-0.086,4.4,-0.231,0.6,0.083,62.6,0.689
1989.01,5.4,-0.649,66.5,0.778,9.12,-0.048,4.7,-0.195,1.3,0.172,62.9,0.733
1989.02,5.2,-0.684,66.3,0.722,9.36,-0.023,4.8,-0.183,1.3,0.172,62.9,0.733
1989.03,5,-0.719,66.3,0.722,9.85,0.029,5,-0.16,1.3,0.172,62.9,0.733
1989.04,5.2,-0.684,66.4,0.75,9.84,0.028,5.1,-0.148,1,0.134,62.9,0.733
1989.05,5.2,-0.684,66.3,0.722,9.81,0.025,5.4,-0.112,1,0.134,62.9,0.733
1989.06,5.3,-0.667,66.5,0.778,9.53,-0.005,5.2,-0.136,1,0.134,63,0.748
1989.07,5.2,-0.684,66.5,0.778,9.24,-0.035,5,-0.16,0.8,0.108,63,0.748
1989.08,5.2,-0.684,66.5,0.778,8.99,-0.061,4.7,-0.195,0.8,0.108,63.1,0.763
1989.09,5.3,-0.667,66.4,0.75,9.02,-0.058,4.3,-0.243,0.8,0.108,62.8,0.719
1989.1,5.3,-0.667,66.5,0.778,8.84,-0.077,4.5,-0.219,0.7,0.096,62.9,0.733
1989.11,5.4,-0.649,66.6,0.806,8.55,-0.108,4.7,-0.195,0.7,0.096,63,0.748
1989.12,5.4,-0.649,66.5,0.778,8.45,-0.118,4.6,-0.207,0.7,0.096,63,0.748
1990.01,5.4,-0.649,66.8,0.861,8.23,-0.141,5.2,-0.136,0.2,0.032,63.2,0.778
1990.02,5.3,-0.667,66.7,0.833,8.24,-0.14,5.3,-0.124,0.2,0.032,63.2,0.778
1990.03,5.2,-0.684,66.7,0.833,8.28,-0.136,5.2,-0.136,0.2,0.032,63.2,0.778
1990.04,5.4,-0.649,66.6,0.806,8.26,-0.138,4.7,-0.195,1.1,0.146,63,0.748
1990.05,5.4,-0.649,66.6,0.806,8.18,-0.146,4.4,-0.231,1.1,0.146,63.1,0.763
1990.06,5.2,-0.684,66.4,0.75,8.29,-0.135,4.7,-0.195,1.1,0.146,62.9,0.733
1990.07,5.5,-0.632,66.5,0.778,8.15,-0.15,4.8,-0.183,0.4,0.057,62.8,0.719
1990.08,5.7,-0.596,66.5,0.778,8.13,-0.152,5.6,-0.089,0.4,0.057,62.7,0.704
1990.09,5.9,-0.561,66.4,0.75,8.2,-0.144,6.2,-0.018,0.4,0.057,62.5,0.674
1990.1,5.9,-0.561,66.4,0.75,8.11,-0.154,6.3,-0.006,0.1,0.019,62.5,0.674
1990.11,6.2,-0.509,66.4,0.75,7.81,-0.185,6.3,-0.006,0.1,0.019,62.3,0.644
1990.12,6.3,-0.491,66.4,0.75,7.31,-0.238,6.1,-0.03,0.1,0.019,62.2,0.63
1991.01,6.4,-0.474,66.2,0.694,6.91,-0.28,5.7,-0.077,-0.9,-0.108,62,0.6
1991.02,6.6,-0.439,66.2,0.694,6.25,-0.349,5.3,-0.124,-0.9,-0.108,61.9,0.585
1991.03,6.8,-0.404,66.3,0.722,6.12,-0.363,4.9,-0.172,-0.9,-0.108,61.8,0.57
1991.04,6.7,-0.421,66.4,0.75,5.91,-0.385,4.9,-0.172,-0.5,-0.057,62,0.6
1991.05,6.9,-0.386,66.2,0.694,5.78,-0.398,5,-0.16,-0.5,-0.057,61.6,0.541
1991.06,6.9,-0.386,66.2,0.694,5.9,-0.386,4.7,-0.195,-0.5,-0.057,61.7,0.556
1991.07,6.8,-0.404,66.1,0.667,5.82,-0.394,4.4,-0.231,0.8,0.108,61.6,0.541
1991.08,6.9,-0.386,66,0.639,5.66,-0.411,3.8,-0.302,0.8,0.108,61.5,0.526
1991.09,6.9,-0.386,66.2,0.694,5.45,-0.433,3.4,-0.349,0.8,0.108,61.6,0.541
1991.1,7,-0.368,66.1,0.667,5.21,-0.458,2.9,-0.408,0.5,0.07,61.5,0.526
1991.11,7,-0.368,66.1,0.667,4.81,-0.5,3,-0.396,0.5,0.07,61.4,0.511
1991.12,7.3,-0.316,66,0.639,4.43,-0.54,3.1,-0.385,0.5,0.07,61.2,0.481
1992.01,7.3,-0.316,66.3,0.722,4.03,-0.582,2.6,-0.444,0.3,0.045,61.5,0.526
1992.02,7.4,-0.298,66.2,0.694,4.06,-0.579,2.8,-0.42,0.3,0.045,61.3,0.496
1992.03,7.4,-0.298,66.4,0.75,3.98,-0.587,3.2,-0.373,0.3,0.045,61.5,0.526
1992.04,7.4,-0.298,66.5,0.778,3.73,-0.614,3.2,-0.373,1.2,0.159,61.6,0.541
1992.05,7.6,-0.263,66.6,0.806,3.82,-0.604,3,-0.396,1.2,0.159,61.5,0.526
1992.06,7.8,-0.228,66.7,0.833,3.76,-0.61,3.1,-0.385,1.2,0.159,61.5,0.526
1992.07,7.7,-0.246,66.7,0.833,3.25,-0.664,3.2,-0.373,1.1,0.146,61.6,0.541
1992.08,7.6,-0.263,66.6,0.806,3.3,-0.659,3.1,-0.385,1.1,0.146,61.6,0.541
1992.09,7.6,-0.263,66.5,0.778,3.22,-0.667,3,-0.396,1.1,0.146,61.4,0.511
1992.1,7.3,-0.316,66.2,0.694,3.1,-0.68,3.2,-0.373,1,0.134,61.3,0.496
1992.11,7.4,-0.298,66.3,0.722,3.09,-0.681,3,-0.396,1,0.134,61.4,0.511
1992.12,7.4,-0.298,66.3,0.722,2.92,-0.699,2.9,-0.408,1,0.134,61.4,0.511
1993.01,7.3,-0.316,66.2,0.694,3.02,-0.688,3.3,-0.361,1,0.134,61.4,0.511
1993.02,7.1,-0.351,66.2,0.694,3.03,-0.687,3.2,-0.373,1,0.134,61.4,0.511
1993.03,7,-0.368,66.2,0.694,3.07,-0.683,3.1,-0.385,1,0.134,61.5,0.526
1993.04,7.1,-0.351,66.1,0.667,2.96,-0.694,3.2,-0.373,0.2,0.032,61.5,0.526
1993.05,7.1,-0.351,66.4,0.75,3,-0.69,3.2,-0.373,0.2,0.032,61.7,0.556
1993.06,7,-0.368,66.5,0.778,3.04,-0.686,3,-0.396,0.2,0.032,61.8,0.57
1993.07,6.9,-0.386,66.4,0.75,3.06,-0.684,2.8,-0.42,0.6,0.083,61.8,0.57
1993.08,6.8,-0.404,66.4,0.75,3.03,-0.687,2.8,-0.42,0.6,0.083,62,0.6
1993.09,6.7,-0.421,66.2,0.694,3.09,-0.681,2.7,-0.432,0.6,0.083,61.7,0.556
1993.1,6.8,-0.404,66.3,0.722,2.99,-0.691,2.8,-0.42,0.5,0.07,61.8,0.57
1993.11,6.6,-0.439,66.3,0.722,3.02,-0.688,2.7,-0.432,0.5,0.07,61.9,0.585
1993.12,6.5,-0.456,66.4,0.75,2.96,-0.694,2.7,-0.432,0.5,0.07,62,0.6
1994.01,6.6,-0.439,66.6,0.806,3.05,-0.685,2.5,-0.456,1.4,0.185,62.2,0.63
1994.02,6.6,-0.439,66.6,0.806,3.25,-0.664,2.5,-0.456,1.4,0.185,62.3,0.644
1994.03,6.5,-0.456,66.5,0.778,3.34,-0.655,2.5,-0.456,1.4,0.185,62.1,0.615
1994.04,6.4,-0.474,66.5,0.778,3.56,-0.631,2.4,-0.467,1,0.134,62.3,0.644
1994.05,6.1,-0.526,66.6,0.806,4.01,-0.584,2.3,-0.479,1,0.134,62.5,0.674
1994.06,6.1,-0.526,66.4,0.75,4.25,-0.559,2.5,-0.456,1,0.134,62.3,0.644
1994.07,6.1,-0.526,66.4,0.75,4.26,-0.558,2.8,-0.42,1.4,0.185,62.3,0.644
1994.08,6,-0.544,66.6,0.806,4.47,-0.536,2.9,-0.408,1.4,0.185,62.6,0.689
1994.09,5.9,-0.561,66.6,0.806,4.73,-0.509,3,-0.396,1.4,0.185,62.7,0.704
1994.1,5.8,-0.579,66.7,0.833,4.76,-0.506,2.6,-0.444,0.6,0.083,62.9,0.733
1994.11,5.6,-0.614,66.7,0.833,5.29,-0.45,2.7,-0.432,0.6,0.083,63,0.748
1994.12,5.5,-0.632,66.7,0.833,5.45,-0.433,2.7,-0.432,0.6,0.083,63.1,0.763
1995.01,5.6,-0.614,66.8,0.861,5.53,-0.425,2.8,-0.42,1.1,0.146,63,0.748
1995.02,5.4,-0.649,66.8,0.861,5.92,-0.384,2.9,-0.408,1.1,0.146,63.1,0.763
1995.03,5.4,-0.649,66.7,0.833,5.98,-0.377,2.9,-0.408,1.1,0.146,63.1,0.763
1995.04,5.8,-0.579,66.9,0.889,6.05,-0.37,3.1,-0.385,0.4,0.057,63.1,0.763
1995.05,5.6,-0.614,66.5,0.778,6.01,-0.374,3.2,-0.373,0.4,0.057,62.7,0.704
1995.06,5.6,-0.614,66.5,0.778,6,-0.375,3,-0.396,0.4,0.057,62.7,0.704
1995.07,5.7,-0.596,66.6,0.806,5.85,-0.391,2.8,-0.42,0.3,0.045,62.8,0.719
1995.08,5.7,-0.596,66.6,0.806,5.74,-0.403,2.6,-0.444,0.3,0.045,62.8,0.719
1995.09,5.6,-0.614,66.6,0.806,5.8,-0.396,2.5,-0.456,0.3,0.045,62.9,0.733
1995.1,5.5,-0.632,66.6,0.806,5.76,-0.401,2.8,-0.42,0.9,0.121,62.9,0.733
1995.11,5.6,-0.614,66.5,0.778,5.8,-0.396,2.6,-0.444,0.9,0.121,62.8,0.719
1995.12,5.6,-0.614,66.4,0.75,5.6,-0.417,2.5,-0.456,0.9,0.121,62.7,0.704
1996.01,5.6,-0.614,66.4,0.75,5.56,-0.422,2.7,-0.432,0.7,0.096,62.7,0.704
1996.02,5.5,-0.632,66.6,0.806,5.22,-0.457,2.7,-0.432,0.7,0.096,62.9,0.733
1996.03,5.5,-0.632,66.6,0.806,5.31,-0.448,2.8,-0.42,0.7,0.096,63,0.748
1996.04,5.6,-0.614,66.7,0.833,5.22,-0.457,2.9,-0.408,0.7,0.096,63,0.748
1996.05,5.6,-0.614,66.7,0.833,5.24,-0.455,2.9,-0.408,0.7,0.096,63,0.748
1996.06,5.3,-0.667,66.7,0.833,5.27,-0.452,2.8,-0.42,0.7,0.096,63.2,0.778
1996.07,5.5,-0.632,66.9,0.889,5.4,-0.438,3,-0.396,1.7,0.223,63.3,0.793
1996.08,5.1,-0.702,66.7,0.833,5.22,-0.457,2.9,-0.408,1.7,0.223,63.3,0.793
1996.09,5.2,-0.684,66.9,0.889,5.3,-0.449,3,-0.396,1.7,0.223,63.4,0.807
1996.1,5.2,-0.684,67,0.917,5.24,-0.455,3,-0.396,0.9,0.121,63.5,0.822
1996.11,5.4,-0.649,67,0.917,5.31,-0.448,3.3,-0.361,0.9,0.121,63.4,0.807
1996.12,5.4,-0.649,67,0.917,5.29,-0.45,3.3,-0.361,0.9,0.121,63.4,0.807
1997.01,5.3,-0.667,67,0.917,5.25,-0.454,3,-0.396,1,0.134,63.4,0.807
1997.02,5.2,-0.684,66.9,0.889,5.19,-0.46,3,-0.396,1,0.134,63.4,0.807
1997.03,5.2,-0.684,67.1,0.944,5.39,-0.439,2.8,-0.42,1,0.134,63.6,0.837
1997.04,5.1,-0.702,67.1,0.944,5.51,-0.427,2.5,-0.456,0.6,0.083,63.7,0.852
1997.05,4.9,-0.737,67.1,0.944,5.5,-0.428,2.2,-0.491,0.6,0.083,63.8,0.867
1997.06,5,-0.719,67.1,0.944,5.56,-0.422,2.3,-0.479,0.6,0.083,63.7,0.852
1997.07,4.9,-0.737,67.2,0.972,5.52,-0.426,2.2,-0.491,1.7,0.223,63.9,0.881
1997.08,4.8,-0.754,67.2,0.972,5.54,-0.424,2.2,-0.491,1.7,0.223,63.9,0.881
1997.09,4.9,-0.737,67.1,0.944,5.54,-0.424,2.2,-0.491,1.7,0.223,63.9,0.881
1997.1,4.7,-0.772,67.1,0.944,5.5,-0.428,2.1,-0.503,1.2,0.159,63.9,0.881
1997.11,4.6,-0.789,67.2,0.972,5.52,-0.426,1.8,-0.538,1.2,0.159,64.1,0.911
1997.12,4.7,-0.772,67.2,0.972,5.5,-0.428,1.7,-0.55,1.2,0.159,64,0.896
1998.01,4.6,-0.789,67.1,0.944,5.56,-0.422,1.6,-0.562,0.9,0.121,64,0.896
1998.02,4.6,-0.789,67.1,0.944,5.51,-0.427,1.4,-0.586,0.9,0.121,64,0.896
1998.03,4.7,-0.772,67.1,0.944,5.49,-0.429,1.4,-0.586,0.9,0.121,64,0.896
1998.04,4.3,-0.842,67,0.917,5.45,-0.433,1.4,-0.586,1,0.134,64.1,0.911
1998.05,4.4,-0.825,67,0.917,5.49,-0.429,1.7,-0.55,1,0.134,64.1,0.911
1998.06,4.5,-0.807,67,0.917,5.56,-0.422,1.7,-0.55,1,0.134,64,0.896
1998.07,4.5,-0.807,67,0.917,5.54,-0.424,1.7,-0.55,0.9,0.121,64,0.896
1998.08,4.5,-0.807,67,0.917,5.55,-0.423,1.6,-0.562,0.9,0.121,63.9,0.881
1998.09,4.6,-0.789,67.2,0.972,5.51,-0.427,1.5,-0.574,0.9,0.121,64.2,0.926
1998.1,4.5,-0.807,67.2,0.972,5.07,-0.473,1.5,-0.574,1.3,0.172,64.1,0.911
1998.11,4.4,-0.825,67.1,0.944,4.83,-0.498,1.5,-0.574,1.3,0.172,64.2,0.926
1998.12,4.4,-0.825,67.2,0.972,4.68,-0.514,1.6,-0.562,1.3,0.172,64.3,0.941
1999.01,4.3,-0.842,67.2,0.972,4.63,-0.519,1.7,-0.55,1.6,0.21,64.4,0.956
1999.02,4.4,-0.825,67.2,0.972,4.76,-0.506,1.6,-0.562,1.6,0.21,64.2,0.926
1999.03,4.2,-0.86,67,0.917,4.81,-0.5,1.7,-0.55,1.6,0.21,64.2,0.926
1999.04,4.3,-0.842,67.1,0.944,4.74,-0.508,2.3,-0.479,0.9,0.121,64.2,0.926
1999.05,4.2,-0.86,67.1,0.944,4.74,-0.508,2.1,-0.503,0.9,0.121,64.3,0.941
1999.06,4.3,-0.842,67.1,0.944,4.76,-0.506,2,-0.515,0.9,0.121,64.2,0.926
1999.07,4.3,-0.842,67.1,0.944,4.99,-0.481,2.1,-0.503,0.8,0.108,64.2,0.926
1999.08,4.2,-0.86,67,0.917,5.07,-0.473,2.3,-0.479,0.8,0.108,64.2,0.926
1999.09,4.2,-0.86,67,0.917,5.22,-0.457,2.6,-0.444,0.8,0.108,64.2,0.926
1999.1,4.1,-0.877,67,0.917,5.2,-0.459,2.6,-0.444,1.3,0.172,64.3,0.941
1999.11,4.1,-0.877,67.1,0.944,5.42,-0.436,2.6,-0.444,1.3,0.172,64.4,0.956
1999.12,4,-0.895,67.1,0.944,5.3,-0.449,2.7,-0.432,1.3,0.172,64.4,0.956
2000.01,4,-0.895,67.3,1,5.45,-0.433,2.7,-0.432,1.6,0.21,64.6,0.985
2000.02,4.1,-0.877,67.3,1,5.73,-0.404,3.2,-0.373,1.6,0.21,64.6,0.985
2000.03,4,-0.895,67.3,1,5.85,-0.391,3.8,-0.302,1.6,0.21,64.6,0.985
2000.04,3.8,-0.93,67.3,1,6.02,-0.373,3.1,-0.385,0.4,0.057,64.7,1
2000.05,4,-0.895,67.1,0.944,6.27,-0.347,3.2,-0.373,0.4,0.057,64.4,0.956
2000.06,4,-0.895,67.1,0.944,6.53,-0.32,3.7,-0.314,0.4,0.057,64.5,0.97
2000.07,4,-0.895,66.9,0.889,6.54,-0.319,3.7,-0.314,1.8,0.236,64.2,0.926
2000.08,4.1,-0.877,66.9,0.889,6.5,-0.323,3.4,-0.349,1.8,0.236,64.2,0.926
2000.09,3.9,-0.912,66.9,0.889,6.52,-0.321,3.5,-0.337,1.8,0.236,64.2,0.926
2000.1,3.9,-0.912,66.8,0.861,6.51,-0.322,3.4,-0.349,0.1,0.019,64.2,0.926
2000.11,3.9,-0.912,66.9,0.889,6.51,-0.322,3.4,-0.349,0.1,0.019,64.3,0.941
2000.12,3.9,-0.912,67,0.917,6.4,-0.333,3.4,-0.349,0.1,0.019,64.4,0.956
2001.01,4.2,-0.86,67.2,0.972,5.98,-0.377,3.7,-0.314,0.6,0.083,64.4,0.956
2001.02,4.2,-0.86,67.1,0.944,5.49,-0.429,3.5,-0.337,0.6,0.083,64.3,0.941
2001.03,4.3,-0.842,67.2,0.972,5.31,-0.448,2.9,-0.408,0.6,0.083,64.3,0.941
2001.04,4.4,-0.825,66.9,0.889,4.8,-0.501,3.3,-0.361,-0.3,-0.032,64,0.896
2001.05,4.3,-0.842,66.7,0.833,4.21,-0.563,3.6,-0.325,-0.3,-0.032,63.8,0.867
2001.06,4.5,-0.807,66.7,0.833,3.97,-0.588,3.2,-0.373,-0.3,-0.032,63.7,0.852
2001.07,4.6,-0.789,66.8,0.861,3.77,-0.609,2.7,-0.432,0.6,0.083,63.7,0.852
2001.08,4.9,-0.737,66.5,0.778,3.65,-0.622,2.7,-0.432,0.6,0.083,63.2,0.778
2001.09,5,-0.719,66.8,0.861,3.07,-0.683,2.6,-0.444,0.6,0.083,63.5,0.822
2001.1,5.3,-0.667,66.7,0.833,2.49,-0.744,2.1,-0.503,-0.4,-0.045,63.2,0.778
2001.11,5.5,-0.632,66.7,0.833,2.09,-0.786,1.9,-0.527,-0.4,-0.045,63,0.748
2001.12,5.7,-0.596,66.7,0.833,1.82,-0.814,1.6,-0.562,-0.4,-0.045,62.9,0.733
2002.01,5.7,-0.596,66.5,0.778,1.73,-0.824,1.1,-0.621,0.3,0.045,62.7,0.704
2002.02,5.7,-0.596,66.8,0.861,1.74,-0.823,1.1,-0.621,0.3,0.045,63,0.748
2002.03,5.7,-0.596,66.6,0.806,1.73,-0.824,1.5,-0.574,0.3,0.045,62.8,0.719
2002.04,5.9,-0.561,66.7,0.833,1.75,-0.822,1.6,-0.562,0.8,0.108,62.7,0.704
2002.05,5.8,-0.579,66.7,0.833,1.75,-0.822,1.2,-0.609,0.8,0.108,62.9,0.733
2002.06,5.8,-0.579,66.6,0.806,1.75,-0.822,1.1,-0.621,0.8,0.108,62.7,0.704
2002.07,5.8,-0.579,66.5,0.778,1.73,-0.824,1.5,-0.574,0.6,0.083,62.7,0.704
2002.08,5.7,-0.596,66.6,0.806,1.74,-0.823,1.8,-0.538,0.6,0.083,62.7,0.704
2002.09,5.7,-0.596,66.7,0.833,1.75,-0.822,1.5,-0.574,0.6,0.083,63,0.748
2002.1,5.7,-0.596,66.6,0.806,1.75,-0.822,2,-0.515,0.4,0.057,62.7,0.704
2002.11,5.9,-0.561,66.4,0.75,1.34,-0.865,2.2,-0.491,0.4,0.057,62.5,0.674
2002.12,6,-0.544,66.3,0.722,1.24,-0.875,2.4,-0.467,0.4,0.057,62.4,0.659
2003.01,5.8,-0.579,66.4,0.75,1.24,-0.875,2.6,-0.444,0.1,0.019,62.5,0.674
2003.02,5.9,-0.561,66.4,0.75,1.26,-0.873,3,-0.396,0.1,0.019,62.5,0.674
2003.03,5.9,-0.561,66.3,0.722,1.25,-0.874,3,-0.396,0.1,0.019,62.4,0.659
2003.04,6,-0.544,66.4,0.75,1.26,-0.873,2.2,-0.491,0.5,0.07,62.4,0.659
2003.05,6.1,-0.526,66.4,0.75,1.26,-0.873,2.1,-0.503,0.5,0.07,62.3,0.644
2003.06,6.3,-0.491,66.5,0.778,1.22,-0.877,2.1,-0.503,0.5,0.07,62.3,0.644
2003.07,6.2,-0.509,66.2,0.694,1.01,-0.899,2.1,-0.503,0.9,0.121,62.1,0.615
2003.08,6.1,-0.526,66.1,0.667,1.03,-0.897,2.2,-0.491,0.9,0.121,62.1,0.615
2003.09,6.1,-0.526,66.1,0.667,1.01,-0.899,2.3,-0.479,0.9,0.121,62,0.6
2003.1,6,-0.544,66.1,0.667,1.01,-0.899,2,-0.515,1.7,0.223,62.1,0.615
2003.11,5.8,-0.579,66.1,0.667,1,-0.9,1.8,-0.538,1.7,0.223,62.3,0.644
2003.12,5.7,-0.596,65.9,0.611,0.98,-0.902,1.9,-0.527,1.7,0.223,62.2,0.63
2004.01,5.7,-0.596,66.1,0.667,1,-0.9,1.9,-0.527,1.2,0.159,62.3,0.644
2004.02,5.6,-0.614,66,0.639,1.01,-0.899,1.7,-0.55,1.2,0.159,62.3,0.644
2004.03,5.8,-0.579,66,0.639,1,-0.9,1.7,-0.55,1.2,0.159,62.2,0.63
2004.04,5.6,-0.614,65.9,0.611,1,-0.9,2.3,-0.479,0.6,0.083,62.3,0.644
2004.05,5.6,-0.614,66,0.639,1,-0.9,3.1,-0.385,0.6,0.083,62.3,0.644
2004.06,5.6,-0.614,66.1,0.667,1.03,-0.897,3.3,-0.361,0.6,0.083,62.4,0.659
2004.07,5.5,-0.632,66.1,0.667,1.26,-0.873,3,-0.396,0.8,0.108,62.5,0.674
2004.08,5.4,-0.649,66,0.639,1.43,-0.855,2.7,-0.432,0.8,0.108,62.4,0.659
2004.09,5.4,-0.649,65.8,0.583,1.61,-0.836,2.5,-0.456,0.8,0.108,62.3,0.644
2004.1,5.5,-0.632,65.9,0.611,1.76,-0.82,3.2,-0.373,0.9,0.121,62.3,0.644
2004.11,5.4,-0.649,66,0.639,1.93,-0.803,3.5,-0.337,0.9,0.121,62.5,0.674
2004.12,5.4,-0.649,65.9,0.611,2.16,-0.778,3.3,-0.361,0.9,0.121,62.4,0.659
2005.01,5.3,-0.667,65.8,0.583,2.28,-0.766,3,-0.396,1,0.134,62.4,0.659
2005.02,5.4,-0.649,65.9,0.611,2.5,-0.743,3,-0.396,1,0.134,62.4,0.659
2005.03,5.2,-0.684,65.9,0.611,2.63,-0.729,3.1,-0.385,1,0.134,62.4,0.659
2005.04,5.2,-0.684,66.1,0.667,2.79,-0.712,3.5,-0.337,1.1,0.146,62.7,0.704
2005.05,5.1,-0.702,66.1,0.667,3,-0.69,2.8,-0.42,1.1,0.146,62.8,0.719
2005.06,5,-0.719,66.1,0.667,3.04,-0.686,2.5,-0.456,1.1,0.146,62.7,0.704
2005.07,5,-0.719,66.1,0.667,3.26,-0.663,3.2,-0.373,0.5,0.07,62.8,0.719
2005.08,4.9,-0.737,66.2,0.694,3.5,-0.638,3.6,-0.325,0.5,0.07,62.9,0.733
2005.09,5,-0.719,66.1,0.667,3.62,-0.625,4.7,-0.195,0.5,0.07,62.8,0.719
2005.1,5,-0.719,66.1,0.667,3.78,-0.608,4.3,-0.243,0.8,0.108,62.8,0.719
2005.11,5,-0.719,66,0.639,4,-0.585,3.5,-0.337,0.8,0.108,62.7,0.704
2005.12,4.9,-0.737,66,0.639,4.16,-0.569,3.4,-0.349,0.8,0.108,62.8,0.719
2006.01,4.7,-0.772,66,0.639,4.29,-0.555,4,-0.278,0.6,0.083,62.9,0.733
2006.02,4.8,-0.754,66.1,0.667,4.49,-0.534,3.6,-0.325,0.6,0.083,63,0.748
2006.03,4.7,-0.772,66.2,0.694,4.59,-0.523,3.4,-0.349,0.6,0.083,63.1,0.763
2006.04,4.7,-0.772,66.1,0.667,4.79,-0.502,3.5,-0.337,1.3,0.172,63,0.748
2006.05,4.6,-0.789,66.1,0.667,4.94,-0.487,4.2,-0.254,1.3,0.172,63.1,0.763
2006.06,4.6,-0.789,66.2,0.694,4.99,-0.481,4.3,-0.243,1.3,0.172,63.1,0.763
2006.07,4.7,-0.772,66.1,0.667,5.24,-0.455,4.1,-0.266,0.3,0.045,63,0.748
2006.08,4.7,-0.772,66.2,0.694,5.25,-0.454,3.8,-0.302,0.3,0.045,63.1,0.763
2006.09,4.5,-0.807,66.1,0.667,5.25,-0.454,2.1,-0.503,0.3,0.045,63.1,0.763
2006.1,4.4,-0.825,66.2,0.694,5.25,-0.454,1.3,-0.598,0.1,0.019,63.3,0.793
2006.11,4.5,-0.807,66.3,0.722,5.25,-0.454,2,-0.515,0.1,0.019,63.3,0.793
2006.12,4.4,-0.825,66.4,0.75,5.24,-0.455,2.5,-0.456,0.1,0.019,63.4,0.807
2007.01,4.6,-0.789,66.4,0.75,5.25,-0.454,2.1,-0.503,0.9,0.121,63.3,0.793
2007.02,4.5,-0.807,66.3,0.722,5.26,-0.453,2.4,-0.467,0.9,0.121,63.3,0.793
2007.03,4.4,-0.825,66.2,0.694,5.26,-0.453,2.8,-0.42,0.9,0.121,63.3,0.793
2007.04,4.5,-0.807,65.9,0.611,5.25,-0.454,2.6,-0.444,0.3,0.045,63,0.748
2007.05,4.4,-0.825,66,0.639,5.25,-0.454,2.7,-0.432,0.3,0.045,63,0.748
2007.06,4.6,-0.789,66,0.639,5.25,-0.454,2.7,-0.432,0.3,0.045,63,0.748
2007.07,4.7,-0.772,66,0.639,5.26,-0.453,2.4,-0.467,0.6,0.083,62.9,0.733
2007.08,4.6,-0.789,65.8,0.583,5.02,-0.478,2,-0.515,0.6,0.083,62.7,0.704
2007.09,4.7,-0.772,66,0.639,4.94,-0.487,2.8,-0.42,0.6,0.083,62.9,0.733
2007.1,4.7,-0.772,65.8,0.583,4.76,-0.506,3.5,-0.337,0.6,0.083,62.7,0.704
2007.11,4.7,-0.772,66,0.639,4.49,-0.534,4.3,-0.243,0.6,0.083,62.9,0.733
2007.12,5,-0.719,66,0.639,4.24,-0.56,4.1,-0.266,0.6,0.083,62.7,0.704
2008.01,5,-0.719,66.2,0.694,3.94,-0.592,4.3,-0.243,0.6,0.083,62.9,0.733
2008.02,4.9,-0.737,66,0.639,2.98,-0.692,4,-0.278,0.6,0.083,62.8,0.719
2008.03,5.1,-0.702,66.1,0.667,2.61,-0.731,4,-0.278,0.6,0.083,62.7,0.704
2008.04,5,-0.719,65.9,0.611,2.28,-0.766,3.9,-0.29,-0.4,-0.045,62.7,0.704
2008.05,5.4,-0.649,66.1,0.667,1.98,-0.797,4.2,-0.254,-0.4,-0.045,62.5,0.674
2008.06,5.6,-0.614,66.1,0.667,2,-0.795,5,-0.16,-0.4,-0.045,62.4,0.659
2008.07,5.8,-0.579,66.1,0.667,2.01,-0.794,5.6,-0.089,0.6,0.083,62.2,0.63
2008.08,6.1,-0.526,66.1,0.667,2,-0.795,5.4,-0.112,0.6,0.083,62,0.6
2008.09,6.1,-0.526,66,0.639,1.81,-0.815,4.9,-0.172,0.6,0.083,61.9,0.585
2008.1,6.5,-0.456,66,0.639,0.97,-0.903,3.7,-0.314,-0.5,-0.057,61.7,0.556
2008.11,6.8,-0.404,65.9,0.611,0.39,-0.964,1.1,-0.621,-0.5,-0.057,61.4,0.511
2008.12,7.3,-0.316,65.8,0.583,0.16,-0.988,0.1,-0.74,-0.5,-0.057,61,0.452
2009.01,7.8,-0.228,65.7,0.556,0.15,-0.99,0,-0.751,-2.2,-0.274,60.6,0.393
2009.02,8.3,-0.14,65.8,0.583,0.22,-0.982,0.2,-0.728,-2.2,-0.274,60.3,0.348
2009.03,8.7,-0.07,65.6,0.528,0.18,-0.986,-0.4,-0.799,-2.2,-0.274,59.9,0.289
2009.04,9,-0.018,65.7,0.556,0.15,-0.99,-0.7,-0.834,-1.1,-0.134,59.8,0.274
2009.05,9.4,0.053,65.7,0.556,0.18,-0.986,-1.3,-0.905,-1.1,-0.134,59.6,0.244
2009.06,9.5,0.07,65.7,0.556,0.21,-0.983,-1.4,-0.917,-1.1,-0.134,59.4,0.215
2009.07,9.5,0.07,65.5,0.5,0.16,-0.988,-2.1,-1,-0.2,-0.019,59.3,0.2
2009.08,9.6,0.088,65.4,0.472,0.16,-0.988,-1.5,-0.929,-0.2,-0.019,59.1,0.17
2009.09,9.8,0.123,65.1,0.389,0.15,-0.99,-1.3,-0.905,-0.2,-0.019,58.7,0.111
2009.1,10,0.158,65,0.361,0.12,-0.993,-0.2,-0.775,0.4,0.057,58.5,0.081
2009.11,9.9,0.14,65,0.361,0.12,-0.993,1.8,-0.538,0.4,0.057,58.6,0.096
2009.12,9.9,0.14,64.6,0.25,0.12,-0.993,2.7,-0.432,0.4,0.057,58.3,0.052
2010.01,9.8,0.123,64.8,0.306,0.11,-0.994,2.6,-0.444,1.1,0.146,58.5,0.081
2010.02,9.8,0.123,64.9,0.333,0.13,-0.992,2.1,-0.503,1.1,0.146,58.5,0.081
2010.03,9.9,0.14,64.9,0.333,0.16,-0.988,2.3,-0.479,1.1,0.146,58.5,0.081
2010.04,9.9,0.14,65.2,0.417,0.2,-0.984,2.2,-0.491,0.5,0.07,58.7,0.111
2010.05,9.6,0.088,64.9,0.333,0.2,-0.984,2,-0.515,0.5,0.07,58.6,0.096
2010.06,9.4,0.053,64.6,0.25,0.18,-0.986,1.1,-0.621,0.5,0.07,58.5,0.081
2010.07,9.4,0.053,64.6,0.25,0.18,-0.986,1.2,-0.609,1,0.134,58.5,0.081
2010.08,9.5,0.07,64.7,0.278,0.19,-0.985,1.1,-0.621,1,0.134,58.6,0.096
2010.09,9.5,0.07,64.6,0.25,0.19,-0.985,1.1,-0.621,1,0.134,58.5,0.081
2010.1,9.4,0.053,64.4,0.194,0.19,-0.985,1.2,-0.609,0.8,0.108,58.3,0.052
2010.11,9.8,0.123,64.6,0.25,0.19,-0.985,1.1,-0.621,0.8,0.108,58.2,0.037
2010.12,9.3,0.035,64.3,0.167,0.18,-0.986,1.5,-0.574,0.8,0.108,58.3,0.052
2011.01,9.1,0,64.2,0.139,0.17,-0.987,1.6,-0.562,0.5,0.07,58.3,0.052
2011.02,9,-0.018,64.1,0.111,0.16,-0.988,2.1,-0.503,0.5,0.07,58.4,0.067
2011.03,9,-0.018,64.2,0.139,0.14,-0.991,2.7,-0.432,0.5,0.07,58.4,0.067
2011.04,9.1,0,64.2,0.139,0.1,-0.995,3.2,-0.373,-0.2,-0.019,58.4,0.067
2011.05,9,-0.018,64.1,0.111,0.09,-0.996,3.6,-0.325,-0.2,-0.019,58.3,0.052
2011.06,9.1,0,64,0.083,0.09,-0.996,3.6,-0.325,-0.2,-0.019,58.2,0.037
2011.07,9,-0.018,64,0.083,0.07,-0.998,3.6,-0.325,0.7,0.096,58.2,0.037
2011.08,9,-0.018,64.1,0.111,0.1,-0.995,3.8,-0.302,0.7,0.096,58.3,0.052
2011.09,9,-0.018,64.2,0.139,0.08,-0.997,3.9,-0.29,0.7,0.096,58.4,0.067
2011.1,8.8,-0.053,64.1,0.111,0.07,-0.998,3.5,-0.337,0,0.006,58.4,0.067
2011.11,8.6,-0.088,64.1,0.111,0.08,-0.997,3.4,-0.349,0,0.006,58.6,0.096
2011.12,8.5,-0.105,64,0.083,0.07,-0.998,3,-0.396,0,0.006,58.6,0.096
2012.01,8.3,-0.14,63.7,0,0.08,-0.997,2.9,-0.408,1.1,0.146,58.4,0.067
2012.02,8.3,-0.14,63.8,0.028,0.1,-0.995,2.9,-0.408,1.1,0.146,58.5,0.081
2012.03,8.2,-0.158,63.8,0.028,0.13,-0.992,2.7,-0.432,1.1,0.146,58.5,0.081
2012.04,8.2,-0.158,63.7,0,0.14,-0.991,2.3,-0.479,0.8,0.108,58.4,0.067
2012.05,8.2,-0.158,63.7,0,0.16,-0.988,1.7,-0.55,0.8,0.108,58.5,0.081
2012.06,8.2,-0.158,63.8,0.028,0.16,-0.988,1.7,-0.55,0.8,0.108,58.6,0.096
2012.07,8.2,-0.158,63.7,0,0.16,-0.988,1.4,-0.586,0.4,0.057,58.5,0.081
2012.08,8.1,-0.175,63.5,-0.056,0.13,-0.992,1.7,-0.55,0.4,0.057,58.4,0.067
2012.09,7.8,-0.228,63.6,-0.028,0.14,-0.991,2,-0.515,0.4,0.057,58.7,0.111
2012.1,7.8,-0.228,63.8,0.028,0.16,-0.988,2.2,-0.491,0.1,0.019,58.8,0.126
2012.11,7.7,-0.246,63.6,-0.028,0.16,-0.988,1.8,-0.538,0.1,0.019,58.7,0.111
2012.12,7.9,-0.211,63.7,0,0.16,-0.988,1.7,-0.55,0.1,0.019,58.7,0.111
2013.01,8,-0.193,63.7,0,0.14,-0.991,1.6,-0.562,0.1,0.019,58.6,0.096
2013.02,7.7,-0.246,63.4,-0.083,0.15,-0.99,2,-0.515,0.1,0.019,58.6,0.096
2013.03,7.5,-0.281,63.3,-0.111,0.14,-0.991,1.5,-0.574,0.1,0.019,58.5,0.081
2013.04,7.6,-0.263,63.4,-0.083,0.15,-0.99,1.1,-0.621,1,0.134,58.6,0.096
2013.05,7.5,-0.281,63.4,-0.083,0.11,-0.994,1.4,-0.586,1,0.134,58.6,0.096
2013.06,7.5,-0.281,63.4,-0.083,0.09,-0.996,1.8,-0.538,1,0.134,58.6,0.096
2013.07,7.3,-0.316,63.3,-0.111,0.09,-0.996,2,-0.515,0.3,0.045,58.7,0.111
2013.08,7.2,-0.333,63.3,-0.111,0.08,-0.997,1.5,-0.574,0.3,0.045,58.7,0.111
2013.09,7.2,-0.333,63.2,-0.139,0.08,-0.997,1.2,-0.609,0.3,0.045,58.7,0.111
2013.1,7.2,-0.333,62.8,-0.25,0.09,-0.996,1,-0.633,0.9,0.121,58.3,0.052
2013.11,6.9,-0.386,63,-0.194,0.08,-0.997,1.2,-0.609,0.9,0.121,58.6,0.096
2013.12,6.7,-0.421,62.9,-0.222,0.09,-0.996,1.5,-0.574,0.9,0.121,58.7,0.111
2014.01,6.6,-0.439,62.9,-0.222,0.07,-0.998,1.6,-0.562,0.9,0.121,58.8,0.126
2014.02,6.7,-0.421,62.9,-0.222,0.07,-0.998,1.1,-0.621,0.9,0.121,58.7,0.111
2014.03,6.7,-0.421,63.1,-0.167,0.08,-0.997,1.5,-0.574,0.9,0.121,58.9,0.141
2014.04,6.2,-0.509,62.8,-0.25,0.09,-0.996,2,-0.515,-0.3,-0.032,58.9,0.141
2014.05,6.3,-0.491,62.9,-0.222,0.09,-0.996,2.1,-0.503,-0.3,-0.032,58.9,0.141
2014.06,6.1,-0.526,62.8,-0.25,0.1,-0.995,2.1,-0.503,-0.3,-0.032,59,0.156
2014.07,6.2,-0.509,62.9,-0.222,0.09,-0.996,2,-0.515,1.3,0.172,59,0.156
2014.08,6.1,-0.526,62.9,-0.222,0.09,-0.996,1.7,-0.55,1.3,0.172,59,0.156
2014.09,5.9,-0.561,62.8,-0.25,0.09,-0.996,1.7,-0.55,1.3,0.172,59.1,0.17
2014.1,5.7,-0.596,62.9,-0.222,0.09,-0.996,1.7,-0.55,1.2,0.159,59.3,0.2
2014.11,5.8,-0.579,62.9,-0.222,0.09,-0.996,1.3,-0.598,1.2,0.159,59.2,0.185
2014.12,5.6,-0.614,62.8,-0.25,0.12,-0.993,0.8,-0.657,1.2,0.159,59.3,0.2
2015.01,5.7,-0.596,62.9,-0.222,0.11,-0.994,-0.1,-0.763,0.5,0.07,59.3,0.2
2015.02,5.5,-0.632,62.7,-0.278,0.11,-0.994,0,-0.751,0.5,0.07,59.2,0.185
2015.03,5.4,-0.649,62.6,-0.306,0.11,-0.994,-0.1,-0.763,0.5,0.07,59.2,0.185
2015.04,5.4,-0.649,62.8,-0.25,0.12,-0.993,-0.2,-0.775,0.9,0.121,59.3,0.2
2015.05,5.6,-0.614,62.9,-0.222,0.12,-0.993,0,-0.751,0.9,0.121,59.4,0.215
2015.06,5.3,-0.667,62.7,-0.278,0.13,-0.992,0.1,-0.74,0.9,0.121,59.4,0.215
2015.07,5.2,-0.684,62.6,-0.306,0.13,-0.992,0.2,-0.728,0.6,0.083,59.3,0.2
2015.08,5.1,-0.702,62.6,-0.306,0.14,-0.991,0.2,-0.728,0.6,0.083,59.4,0.215
2015.09,5,-0.719,62.4,-0.361,0.14,-0.991,0,-0.751,0.6,0.083,59.2,0.185
2015.1,5,-0.719,62.5,-0.333,0.12,-0.993,0.2,-0.728,0.4,0.057,59.3,0.2
2015.11,5.1,-0.702,62.5,-0.333,0.12,-0.993,0.5,-0.692,0.4,0.057,59.4,0.215
2015.12,5,-0.719,62.7,-0.278,0.24,-0.98,0.7,-0.669,0.4,0.057,59.6,0.244
2016.01,4.8,-0.754,62.7,-0.278,0.34,-0.97,1.4,-0.586,0.2,0.032,59.7,0.259
2016.02,4.9,-0.737,62.8,-0.25,0.38,-0.965,1,-0.633,0.2,0.032,59.8,0.274
2016.03,5,-0.719,63,-0.194,0.36,-0.967,0.9,-0.645,0.2,0.032,59.8,0.274
2016.04,5.1,-0.702,62.9,-0.222,0.37,-0.966,1.1,-0.621,0.6,0.083,59.7,0.259
2016.05,4.8,-0.754,62.7,-0.278,0.37,-0.966,1,-0.633,0.6,0.083,59.7,0.259
2016.06,4.9,-0.737,62.7,-0.278,0.38,-0.965,1,-0.633,0.6,0.083,59.7,0.259
2016.07,4.8,-0.754,62.8,-0.25,0.39,-0.964,0.8,-0.657,0.3,0.045,59.8,0.274
2016.08,4.9,-0.737,62.9,-0.222,0.4,-0.963,1.1,-0.621,0.3,0.045,59.8,0.274
2016.09,5,-0.719,62.9,-0.222,0.4,-0.963,1.5,-0.574,0.3,0.045,59.7,0.259
2016.1,4.9,-0.737,62.8,-0.25,0.4,-0.963,1.6,-0.562,0.7,0.096,59.7,0.259
2016.11,4.7,-0.772,62.7,-0.278,0.41,-0.962,1.7,-0.55,0.7,0.096,59.7,0.259
2016.12,4.7,-0.772,62.7,-0.278,0.54,-0.949,2.1,-0.503,0.7,0.096,59.7,0.259
2017.01,4.7,-0.772,62.8,-0.25,0.65,-0.937,2.5,-0.456,0.6,0.083,59.9,0.289
2017.02,4.6,-0.789,62.9,-0.222,0.66,-0.936,2.7,-0.432,0.6,0.083,60,0.304
2017.03,4.4,-0.825,62.9,-0.222,0.79,-0.922,2.4,-0.467,0.6,0.083,60.2,0.333
2017.04,4.4,-0.825,63,-0.194,0.9,-0.911,2.2,-0.491,0.5,0.07,60.2,0.333
2017.05,4.4,-0.825,62.8,-0.25,0.91,-0.91,1.9,-0.527,0.5,0.07,60.1,0.319
2017.06,4.3,-0.842,62.8,-0.25,1.04,-0.896,1.6,-0.562,0.5,0.07,60.1,0.319
2017.07,4.3,-0.842,62.9,-0.222,1.15,-0.885,1.7,-0.55,0.6,0.083,60.2,0.333
2017.08,4.4,-0.825,62.9,-0.222,1.16,-0.883,1.9,-0.527,0.6,0.083,60.1,0.319
2017.09,4.3,-0.842,63.1,-0.167,1.15,-0.885,2.2,-0.491,0.6,0.083,60.4,0.363
2017.1,4.2,-0.86,62.7,-0.278,1.15,-0.885,2,-0.515,0.8,0.108,60.1,0.319
2017.11,4.2,-0.86,62.7,-0.278,1.16,-0.883,2.2,-0.491,0.8,0.108,60.1,0.319
2017.12,4.1,-0.877,62.7,-0.278,1.3,-0.869,2.1,-0.503,0.8,0.108,60.1,0.319
2018.01,4,-0.895,62.7,-0.278,1.41,-0.857,2.1,-0.503,1.1,0.146,60.1,0.319
2018.02,4.1,-0.877,63,-0.194,1.42,-0.856,2.2,-0.491,1.1,0.146,60.4,0.363
2018.03,4,-0.895,62.9,-0.222,1.51,-0.847,2.4,-0.467,1.1,0.146,60.4,0.363
2018.04,4,-0.895,62.9,-0.222,1.69,-0.828,2.5,-0.456,0.8,0.108,60.4,0.363
2018.05,3.8,-0.93,62.9,-0.222,1.7,-0.827,2.8,-0.42,0.8,0.108,60.5,0.378
2018.06,4,-0.895,63,-0.194,1.82,-0.814,2.9,-0.408,0.8,0.108,60.5,0.378
2018.07,3.8,-0.93,63,-0.194,1.91,-0.805,2.9,-0.408,0.5,0.07,60.6,0.393
2018.08,3.8,-0.93,62.6,-0.306,1.91,-0.805,2.7,-0.432,0.5,0.07,60.3,0.348
2018.09,3.7,-0.947,62.8,-0.25,1.95,-0.801,2.3,-0.479,0.5,0.07,60.4,0.363
2018.1,3.8,-0.93,62.9,-0.222,2.19,-0.775,2.5,-0.456,0.6,0.083,60.5,0.378
2018.11,3.8,-0.93,62.9,-0.222,2.2,-0.774,2.2,-0.491,0.6,0.083,60.6,0.393
2018.12,3.9,-0.912,63,-0.194,2.27,-0.767,1.9,-0.527,0.6,0.083,60.6,0.393
2019.01,4,-0.895,63.1,-0.167,2.4,-0.753,1.6,-0.562,0.1,0.019,60.6,0.393
2019.02,3.8,-0.93,63.1,-0.167,2.4,-0.753,1.5,-0.574,0.1,0.019,60.7,0.407
2019.03,3.8,-0.93,63,-0.194,2.41,-0.752,1.9,-0.527,0.1,0.019,60.6,0.393
2019.04,3.7,-0.947,62.8,-0.25,2.42,-0.751,2,-0.515,0.5,0.07,60.5,0.378
2019.05,3.6,-0.965,62.9,-0.222,2.39,-0.754,1.8,-0.538,0.5,0.07,60.6,0.393
2019.06,3.6,-0.965,63,-0.194,2.38,-0.755,1.6,-0.562,0.5,0.07,60.7,0.407
2019.07,3.7,-0.947,63.1,-0.167,2.4,-0.753,1.8,-0.538,0.8,0.108,60.8,0.422
2019.08,3.6,-0.965,63.1,-0.167,2.13,-0.782,1.7,-0.55,0.8,0.108,60.8,0.422
2019.09,3.5,-0.982,63.2,-0.139,2.04,-0.791,1.7,-0.55,0.8,0.108,61,0.452
2019.1,3.6,-0.965,63.3,-0.111,1.83,-0.813,1.8,-0.538,1.1,0.146,61,0.452
2019.11,3.6,-0.965,63.3,-0.111,1.55,-0.843,2.1,-0.503,1.1,0.146,61,0.452
2019.12,3.6,-0.965,63.3,-0.111,1.55,-0.843,2.3,-0.479,1.1,0.146,61.1,0.467
2020.01,3.6,-0.965,63.3,-0.111,1.55,-0.843,2.5,-0.456,0.6,0.083,61.1,0.467
2020.02,3.5,-0.982,63.3,-0.111,1.58,-0.839,2.3,-0.479,0.6,0.083,61.1,0.467
2020.03,4.4,-0.825,62.6,-0.306,0.65,-0.937,1.5,-0.574,0.6,0.083,59.8,0.274
2020.04,14.8,1,60.1,-1,0.05,-1,0.3,-0.716,-1.4,-0.172,51.2,-1
2020.05,13.2,0.719,60.8,-0.806,0.05,-1,0.1,-0.74,-1.4,-0.172,52.7,-0.778
2020.06,11,0.333,61.5,-0.611,0.08,-0.997,0.6,-0.68,-1.4,-0.172,54.7,-0.481
2020.07,10.2,0.193,61.5,-0.611,0.09,-0.996,1,-0.633,-7.9,-1,55.2,-0.407
2020.08,8.4,-0.123,61.7,-0.556,0.1,-0.995,1.3,-0.598,-7.9,-1,56.5,-0.215
2020.09,7.8,-0.228,61.5,-0.611,0.09,-0.996,1.4,-0.586,-7.9,-1,56.6,-0.2
2020.1,6.8,-0.404,61.7,-0.556,0.09,-0.996,1.2,-0.609,7.8,1,57.5,-0.067
2020.11,6.7,-0.421,61.5,-0.611,0.09,-0.996,1.2,-0.609,7.8,1,57.4,-0.081
2020.12,6.7,-0.421,61.5,-0.611,0.09,-0.996,1.4,-0.586,7.8,1,57.4,-0.081
2021.01,6.4,-0.474,61.3,-0.667,0.09,-0.996,1.4,-0.586,1,0.134,57.4,-0.081
2021.02,6.2,-0.509,61.4,-0.639,0.08,-0.997,1.7,-0.55,1,0.134,57.5,-0.067
2021.03,6.1,-0.526,61.5,-0.611,0.07,-0.998,2.6,-0.444,1,0.134,57.7,-0.037
2021.04,6.1,-0.526,61.6,-0.583,0.07,-0.998,4.2,-0.254,1.3,0.172,57.9,-0.007
2021.05,5.8,-0.579,61.5,-0.611,0.06,-0.999,5,-0.16,1.3,0.172,58,0.007
2021.06,5.9,-0.561,61.7,-0.556,0.08,-0.997,5.4,-0.112,1.3,0.172,58.1,0.022
2021.07,5.4,-0.649,61.8,-0.528,0.1,-0.995,5.4,-0.112,1.5,0.197,58.4,0.067
2021.08,5.1,-0.702,61.8,-0.528,0.09,-0.996,5.3,-0.124,1.5,0.197,58.6,0.096
2021.09,4.7,-0.772,61.7,-0.556,0.08,-0.997,5.4,-0.112,1.5,0.197,58.8,0.126
2021.1,4.5,-0.807,61.8,-0.528,0.08,-0.997,6.2,-0.018,0.8,0.108,59,0.156
2021.11,4.1,-0.877,61.9,-0.5,0.08,-0.997,6.8,0.053,0.8,0.108,59.3,0.2
2021.12,3.9,-0.912,62,-0.472,0.08,-0.997,7,0.077,0.8,0.108,59.6,0.244
2022.01,4,-0.895,62.2,-0.417,0.08,-0.997,7.5,0.136,1.7,0.223,59.7,0.259
2022.02,3.8,-0.93,62.2,-0.417,0.08,-0.997,7.9,0.183,1.7,0.223,59.8,0.274
2022.03,3.6,-0.965,62.3,-0.389,0.2,-0.984,8.5,0.254,1.7,0.223,60.1,0.319
2022.04,3.7,-0.947,62.2,-0.417,0.33,-0.971,8.3,0.231,-0.5,-0.057,59.9,0.289
2022.05,3.6,-0.965,62.3,-0.389,0.77,-0.924,8.6,0.266,-0.5,-0.057,60,0.304
2022.06,3.6,-0.965,62.2,-0.417,1.21,-0.878,9.1,0.325,-0.5,-0.057,59.9,0.289
2022.07,3.5,-0.982,62.1,-0.444,1.68,-0.829,8.5,0.254,-0.1,-0.006,60,0.304
2022.08,3.6,-0.965,62.4,-0.361,2.33,-0.761,8.3,0.231,-0.1,-0.006,60.1,0.319
2022.09,3.5,-0.982,62.3,-0.389,2.56,-0.736,8.2,0.219,-0.1,-0.006,60.1,0.319
2022.1,3.6,-0.965,62.3,-0.389,3.08,-0.682,7.7,0.16,0.7,0.096,60,0.304
2022.11,3.6,-0.965,62.1,-0.444,3.78,-0.608,7.1,0.089,0.7,0.096,59.9,0.289
2022.12,3.5,-0.982,62.3,-0.389,4.1,-0.575,6.5,0.018,0.7,0.096,60.1,0.319
2023.01,3.4,-1,62.4,-0.361,4.33,-0.551,6.4,0.006,0.6,0.083,60.2,0.333
2023.02,3.6,-0.965,62.5,-0.333,4.57,-0.525,6,-0.041,0.6,0.083,60.2,0.333
2023.03,3.5,-0.982,62.6,-0.306,4.65,-0.517,5,-0.16,0.6,0.083,60.4,0.363
2023.04,3.4,-1,62.6,-0.306,4.83,-0.498,4.9,-0.172,0.6,0.083,60.4,0.363
2023.05,3.7,-0.947,62.6,-0.306,5.06,-0.474,4,-0.278,0.6,0.083,60.3,0.348
2023.06,3.6,-0.965,62.6,-0.306,5.08,-0.472,3,-0.396,0.6,0.083,60.3,0.348
2023.07,3.5,-0.982,62.6,-0.306,5.12,-0.468,3.2,-0.373,0.5,0.07,60.4,0.363
2023.08,3.8,-0.93,62.8,-0.25,5.33,-0.446,3.7,-0.314,0.5,0.07,60.4,0.363
2023.09,3.8,-0.93,62.8,-0.25,5.33,-0.446,3.7,-0.314,0.5,0.07,60.4,0.363
2023.1,3.8,-0.93,62.7,-0.278,5.33,-0.446,3.2,-0.373,1.2,0.159,60.3,0.348
2023.11,3.7,-0.947,62.8,-0.25,5.33,-0.446,3.1,-0.385,1.2,0.159,60.4,0.363
2023.12,3.7,-0.947,62.5,-0.333,5.33,-0.446,3.4,-0.349,1.2,0.159,60.1,0.319
